City_ID,City,Country,Date,Lat,Lng,Max Temp,Humidity,Cloudiness,Wind Speed
0,Sao Filipe,CV,1/5/2021 21:40,14.8961,-24.4956,74.95,75,100,6.26
1,Hovd,MN,1/5/2021 21:40,48.0056,91.6419,-9.27,69,0,2.91
2,Buzmeyin,TM,1/5/2021 21:40,38.0507,58.2056,26.6,100,90,4.7
3,Micheweni,TZ,1/5/2021 21:40,-4.9667,39.8333,80.29,80,6,13.31
4,Hasaki,JP,1/5/2021 21:40,35.7333,140.8333,41,93,75,9.17
5,Hilo,US,1/5/2021 21:40,19.7297,-155.09,80.6,61,1,5.82
6,Severo-Kurilsk,RU,1/5/2021 21:40,50.6789,156.125,15.6,88,84,4
7,Cape Town,ZA,1/5/2021 21:38,-33.9258,18.4232,68,88,20,16.11
8,Kapaa,US,1/5/2021 21:40,22.0752,-159.319,80.6,69,75,13.87
9,East London,ZA,1/5/2021 21:40,-33.0153,27.9116,71.33,83,91,12.19
10,Port Elizabeth,ZA,1/5/2021 21:40,-33.918,25.5701,69.8,83,58,3.36
11,Atuona,PF,1/5/2021 21:40,-9.8,-139.0333,77.31,77,25,16.02
12,Vao,NC,1/5/2021 21:40,-22.6667,167.4833,77.77,82,100,22.97
13,Busselton,AU,1/5/2021 21:40,-33.65,115.3333,59,78,20,3
14,Hobart,AU,1/5/2021 21:36,-42.8794,147.3294,62.01,67,75,17.22
15,Dingle,PH,1/5/2021 21:40,10.9995,122.6711,74.41,91,87,7.67
16,Tuktoyaktuk,CA,1/5/2021 21:40,69.4541,-133.0374,-16.6,75,75,3.36
17,Barrow,US,1/5/2021 21:40,71.2906,-156.7887,-18.4,75,90,5.82
18,Valle De Allende,MX,1/5/2021 21:40,26.9333,-105.4,69.3,20,99,2.37
19,Pevek,RU,1/5/2021 21:40,69.7008,170.3133,-13.74,90,100,7.43
20,New Norfolk,AU,1/5/2021 21:40,-42.7826,147.0587,63,57,59,3
21,Mataura,NZ,1/5/2021 21:40,-46.1927,168.8643,65.61,59,63,4
22,Puerto Ayora,EC,1/5/2021 21:36,-0.7393,-90.3518,82.4,58,0,11.41
23,Mar Del Plata,AR,1/5/2021 21:39,-38.0023,-57.5575,69.01,88,90,16.11
24,Cherskiy,RU,1/5/2021 21:40,68.75,161.3,-20.29,87,100,10.94
25,Qaanaaq,GL,1/5/2021 21:40,77.484,-69.3632,2.5,81,100,6.58
26,Aykhal,RU,1/5/2021 21:40,66,111.5,-4,83,75,6.71
27,Camopi,GF,1/5/2021 21:40,3.1655,-52.3158,75.38,93,37,3.09
28,Mahebourg,MU,1/5/2021 21:40,-20.4081,57.7,77,83,40,5.82
29,Rikitea,PF,1/5/2021 21:40,-23.1203,-134.9692,77.02,76,0,13.06
30,Singaraja,ID,1/5/2021 21:40,-8.112,115.0882,80.19,75,100,4.59
31,Celestun,MX,1/5/2021 21:40,20.8667,-90.4,76.08,67,100,17.47
32,Airai,TL,1/5/2021 21:40,-8.9266,125.4092,62.15,100,100,0.87
33,Nantucket,US,1/5/2021 21:35,41.2835,-70.0995,39.2,93,90,20.8
34,Tuatapere,NZ,1/5/2021 21:40,-46.1333,167.6833,63.34,68,94,3.02
35,Yellowknife,CA,1/5/2021 21:36,62.456,-114.3525,-8,76,75,14.99
36,Sorland,NO,1/5/2021 21:40,67.667,12.6934,43.81,88,100,18.63
37,Padang,ID,1/5/2021 21:40,-0.9492,100.3543,75.2,94,40,2.24
38,Marsa Matruh,EG,1/5/2021 21:40,31.3525,27.2453,60.94,76,46,7.38
39,Punta Arenas,CL,1/5/2021 21:40,-53.15,-70.9167,60.8,44,75,25.28
40,Vaini,TO,1/5/2021 21:40,-21.2,-175.2,80.6,94,75,8.05
41,Kualakapuas,ID,1/5/2021 21:40,-3.0091,114.3876,75.2,100,90,4.7
42,Sao Jose Da Coroa Grande,BR,1/5/2021 21:40,-8.8978,-35.1478,78.37,71,23,7.58
43,Ushuaia,AR,1/5/2021 21:36,-54.8,-68.3,57.2,50,75,13.87
44,Bluff,NZ,1/5/2021 21:40,-46.6,168.3333,58.69,73,60,5.59
45,Hoopstad,ZA,1/5/2021 21:40,-27.8327,25.9083,66.99,89,94,7
46,Port Alfred,ZA,1/5/2021 21:40,-33.5906,26.891,70,90,92,9.01
47,Port Hueneme,US,1/5/2021 21:40,34.1478,-119.1951,66.99,72,20,6.93
48,Tsabong,BW,1/5/2021 21:40,-26.0217,22.401,77.16,61,62,5.66
49,Longyearbyen,SJ,1/5/2021 21:40,78.2186,15.6401,19.4,79,75,17.22
50,Khatanga,RU,1/5/2021 21:40,71.9667,102.5,-0.8,93,100,21.88
51,Deputatskiy,RU,1/5/2021 21:40,69.3,139.9,-26.46,84,0,5.93
52,Avarua,CK,1/5/2021 21:40,-21.2078,-159.775,82.4,78,49,14.99
53,Koslan,RU,1/5/2021 21:40,63.4564,48.8989,9.16,96,79,3.74
54,Surab,PK,1/5/2021 21:40,28.4914,66.2585,30.76,83,0,6.38
55,Gwanda,ZW,1/5/2021 21:40,-20.9333,29,73.81,63,14,4.7
56,Barkly West,ZA,1/5/2021 21:40,-28.5354,24.5215,64.4,93,72,14.99
57,Medicine Hat,CA,1/5/2021 21:36,50.0501,-110.6683,41,48,20,8.05
58,Butaritari,KI,1/5/2021 21:40,3.0707,172.7902,81.59,74,22,21.3
59,Faranah,GN,1/5/2021 21:40,10.0404,-10.7434,74.48,26,0,1.12
60,Provideniya,RU,1/5/2021 21:40,64.3833,-173.3,-2.29,83,0,9.13
61,Lavrentiya,RU,1/5/2021 21:40,65.5833,-171,-11.78,83,7,13.31
62,Naze,JP,1/5/2021 21:38,28.3667,129.4833,59,58,90,19.46
63,Springbok,ZA,1/5/2021 21:40,-29.6643,17.8865,59.9,82,12,4.07
64,Banjar,ID,1/5/2021 21:40,-8.19,114.9675,78.8,94,40,2.24
65,Pisco,PE,1/5/2021 21:40,-13.7,-76.2167,77,73,0,18.34
66,Cidreira,BR,1/5/2021 21:40,-30.1811,-50.2056,72.23,90,100,7.54
67,Tasiilaq,GL,1/5/2021 21:40,65.6145,-37.6368,21.2,48,40,25.28
68,Ishim,RU,1/5/2021 21:40,56.1128,69.4902,-10.16,88,99,8.57
69,Vila Franca Do Campo,PT,1/5/2021 21:40,37.7167,-25.4333,55.4,87,75,18.34
70,Nikolskoye,RU,1/5/2021 21:40,59.7035,30.7861,28.4,86,90,8.95
71,Albany,US,1/5/2021 21:38,42.6001,-73.9662,35.01,80,97,2.91
72,Ilhabela,BR,1/5/2021 21:40,-23.7781,-45.3581,76.3,81,34,7.65
73,Hermanus,ZA,1/5/2021 21:40,-34.4187,19.2345,61,91,2,2.17
74,Ambilobe,MG,1/5/2021 21:40,-13.2,49.05,74.44,89,72,2.01
75,Kotido,UG,1/5/2021 21:40,2.9806,34.1331,74.88,45,0,8.97
76,Baruun-Urt,MN,1/5/2021 21:40,46.6806,113.2792,-34.85,76,82,9.42
77,Tura,IN,1/5/2021 21:36,25.5198,90.2201,61.72,52,100,2.06
78,Lebu,CL,1/5/2021 21:40,-37.6167,-73.65,59.34,75,0,20.94
79,Kavaratti,IN,1/5/2021 21:40,10.5669,72.642,82.11,75,99,7.05
80,Carnarvon,AU,1/5/2021 21:40,-24.8667,113.6333,77,69,75,9.17
81,Auki,SB,1/5/2021 21:40,-8.7676,160.7034,84.18,62,99,3.31
82,Victoria,HK,1/5/2021 21:37,22.2855,114.1577,62.01,74,66,10.45
83,Takapau,NZ,1/5/2021 21:40,-40.0333,176.35,69.01,85,71,1.99
84,Kiunga,PG,1/5/2021 21:40,-6.1219,141.2906,75.33,96,94,2.84
85,Aranos,NA,1/5/2021 21:40,-24.1333,19.1167,77.97,54,90,2.01
86,Waipawa,NZ,1/5/2021 21:40,-41.4122,175.5153,69.01,88,100,8.05
87,Parkersburg,US,1/5/2021 21:37,39.2667,-81.5615,37.4,86,90,4.7
88,Troitskoye,RU,1/5/2021 21:40,52.9821,84.6757,-10.84,85,0,9.86
89,Shihezi,CN,1/5/2021 21:40,44.3,86.0333,-13.86,87,94,2.06
90,Thompson,CA,1/5/2021 21:40,55.7435,-97.8558,6.8,84,90,4.7
91,Tehachapi,US,1/5/2021 21:40,35.1322,-118.449,57.99,43,1,6.93
92,Port Lincoln,AU,1/5/2021 21:40,-34.7333,135.8667,60.15,68,100,16.71
93,Karratha,AU,1/5/2021 21:40,-20.7377,116.8463,82.8,42,44,21.74
94,Kaitangata,NZ,1/5/2021 21:40,-46.2817,169.8464,60.01,79,4,8.01
95,Chilca,PE,1/5/2021 21:37,-12.5211,-76.7372,75,73,0,10.29
96,Najran,SA,1/5/2021 21:40,17.4924,44.1277,59,41,0,2.01
97,Kenai,US,1/5/2021 21:40,60.5544,-151.2583,28.99,68,75,13.87
98,Mount Gambier,AU,1/5/2021 21:40,-37.8333,140.7667,57.2,71,90,13.87
99,Komatipoort,ZA,1/5/2021 21:40,-25.4332,31.9548,77,84,100,2.95
100,Guerrero Negro,MX,1/5/2021 21:37,27.9769,-114.0611,69.82,42,84,9.8
101,Castro,BR,1/5/2021 21:40,-24.7911,-50.0119,67.59,93,99,3.06
102,Ribeira Grande,PT,1/5/2021 21:40,38.5167,-28.7,57.2,93,75,27.51
103,Baoshan,CN,1/5/2021 21:39,46.5586,131.4244,-11.87,87,91,3.65
104,Zharkent,KZ,1/5/2021 21:40,44.1628,80,6.01,77,82,3.87
105,Tarancon,ES,1/5/2021 21:40,40.0085,-3.0073,34,85,0,5.82
106,Mlyniv,UA,1/5/2021 21:40,50.509,25.6168,34,98,100,10.4
107,Esperance,AU,1/5/2021 21:40,-33.8667,121.9,55.4,71,90,6.93
108,Ketchikan,US,1/5/2021 21:40,55.3422,-131.6461,33.8,100,90,19.46
109,Lisala,CD,1/5/2021 21:40,2.15,21.5167,74.5,84,87,1.59
110,Jamestown,US,1/5/2021 21:40,42.097,-79.2353,33.01,98,90,7.72
111,Camana,PE,1/5/2021 21:40,-16.6228,-72.7111,73.06,69,73,5.3
112,Khani,GE,1/5/2021 21:40,41.9563,42.9566,53.6,18,0,26.4
113,Bathsheba,BB,1/5/2021 21:40,13.2167,-59.5167,80.6,65,40,16.11
114,Lagoa,PT,1/5/2021 21:40,39.05,-27.9833,58.33,80,100,41.38
115,Sosua,DO,1/5/2021 21:40,19.7667,-70.5167,80.6,69,20,9.17
116,College,US,1/5/2021 21:40,64.8569,-147.8028,-11.2,75,40,2.57
117,Coihaique,CL,1/5/2021 21:40,-45.5752,-72.0662,77,22,0,10.29
118,Chara,RU,1/5/2021 21:40,56.9064,118.2631,-35.95,69,18,0.36
119,Manggar,ID,1/5/2021 21:40,-2.8833,108.2667,78.37,89,65,6.87
120,Sitka,US,1/5/2021 21:38,57.0531,-135.33,42.8,75,90,28.86
121,Cayenne,GF,1/5/2021 21:40,4.9333,-52.3333,80.6,83,0,4.7
122,Yerbogachen,RU,1/5/2021 21:38,61.2767,108.0108,-19.35,87,100,8.14
123,Shubarshi,KZ,1/5/2021 21:40,48.5872,57.1869,1.45,83,78,5.48
124,Gryfino,PL,1/5/2021 21:40,53.2524,14.4883,41,83,100,4
125,Banda Aceh,ID,1/5/2021 21:40,5.5577,95.3222,78.51,79,64,13.33
126,Ust-Nera,RU,1/5/2021 21:40,64.5667,143.2,-19.91,77,100,2.71
127,Kruisfontein,ZA,1/5/2021 21:40,-34.0033,24.7314,70,86,57,1.99
128,Touros,BR,1/5/2021 21:40,-5.1989,-35.4608,80.6,74,20,10.29
129,Hithadhoo,MV,1/5/2021 21:40,-0.6,73.0833,82.44,78,62,15.93
130,Bengkulu,ID,1/5/2021 21:40,-3.8004,102.2655,75.63,89,69,6.2
131,Makakilo City,US,1/5/2021 21:40,21.3469,-158.0858,78.8,65,75,9.17
132,Bighapur,IN,1/5/2021 21:40,26.35,80.6833,59,93,22,3.24
133,Karasjok,NO,1/5/2021 21:40,69.4719,25.5112,21.2,79,0,8.05
134,Camacha,PT,1/5/2021 21:40,33.0833,-16.3333,62.6,88,20,8.05
135,Barcelos,PT,1/5/2021 21:35,41.5388,-8.6151,39,93,0,1.12
136,Bouna,CI,1/5/2021 21:40,9.2667,-3,81.59,16,1,4.5
137,Tautira,PF,1/5/2021 21:40,-17.7333,-149.15,84.2,70,75,3.36
138,Komsomolskiy,UZ,1/5/2021 21:40,40.4272,71.7189,23,79,90,6.93
139,Puerto Madryn,AR,1/5/2021 21:39,-42.7692,-65.0385,70.61,41,0,16.89
140,Damara,CF,1/5/2021 21:40,4.9608,18.7035,75.96,63,2,2.57
141,Ornskoldsvik,SE,1/5/2021 21:40,63.2909,18.7153,1.4,91,0,3.36
142,Khorostkiv,UA,1/5/2021 21:40,49.2111,25.9217,37,99,100,3
143,Mehamn,NO,1/5/2021 21:40,71.0357,27.8492,35.6,93,75,16.11
144,Norco,US,1/5/2021 21:40,33.9311,-117.5487,69.01,52,1,5.82
145,Amapa,BR,1/5/2021 21:40,1,-52,74.08,93,87,3.85
146,Kodiak,US,1/5/2021 21:40,57.79,-152.4072,37.4,86,90,25.28
147,Cuxhaven,DE,1/5/2021 21:40,53.8718,8.6909,35.01,86,75,13.87
148,Dicabisagan,PH,1/5/2021 21:40,17.0818,122.4157,75.04,87,54,7.52
149,Mount Isa,AU,1/5/2021 21:40,-20.7333,139.5,80.6,32,75,13.87
150,Boras,SE,1/5/2021 21:40,57.721,12.9401,30.99,86,90,13.87
151,Letlhakane,BW,1/5/2021 21:40,-21.4167,25.5833,79.93,46,51,2.98
152,Upernavik,GL,1/5/2021 21:40,72.7868,-56.1549,7.59,93,100,15.1
153,San Cristobal,VE,1/5/2021 21:40,7.7669,-72.225,73.89,61,70,2.33
154,Noumea,NC,1/5/2021 21:40,-22.2763,166.4572,84,88,90,8.05
155,Ancud,CL,1/5/2021 21:40,-41.8697,-73.8203,68,52,0,8.05
156,Gongzhuling,CN,1/5/2021 21:40,43.5008,124.8198,-3.1,85,100,7.52
157,Ambelokipoi,GR,1/5/2021 21:40,37.7667,20.8667,48.2,87,40,6.93
158,Saint-Philippe,RE,1/5/2021 21:40,-21.3585,55.7679,75.2,78,75,2.24
159,Elhovo,BG,1/5/2021 21:40,42.1667,26.5667,44.01,100,5,4.7
160,Namibe,AO,1/5/2021 21:36,-15.1961,12.1522,72.55,74,76,7.11
161,Qandala,SO,1/5/2021 21:40,11.472,49.8728,73.71,48,0,6.38
162,Raga,SS,1/5/2021 21:40,8.4596,25.678,71.85,27,0,4.38
163,Hirara,JP,1/5/2021 21:40,24.8,125.2833,66.56,78,100,27.87
164,Arlit,NE,1/5/2021 21:40,18.7369,7.3853,78.84,17,0,8.72
165,Jegalia,RO,1/5/2021 21:40,44.3,27.6333,48.99,87,5,8.05
166,Atar,MR,1/5/2021 21:40,20.5169,-13.0499,70.92,37,100,2.06
167,Rock Sound,BS,1/5/2021 21:40,24.9,-76.2,72.39,68,56,10.78
168,Palmas De Monte Alto,BR,1/5/2021 21:40,-14.2672,-43.1619,80.04,47,20,5.7
169,Amahai,ID,1/5/2021 21:40,-3.3333,128.9167,82,93,100,4.5
170,Bredasdorp,ZA,1/5/2021 21:40,-34.5322,20.0403,59,82,1,3.36
171,La Ronge,CA,1/5/2021 21:40,55.1001,-105.2842,19.4,85,100,9.17
172,Arraial Do Cabo,BR,1/5/2021 21:40,-22.9661,-42.0278,82.4,74,40,11.41
173,Tamandare,BR,1/5/2021 21:40,-8.7597,-35.1047,78.13,72,7,7.16
174,Erzin,TR,1/5/2021 21:40,36.9559,36.2,55.99,48,58,8.99
175,Yumen,CN,1/5/2021 21:40,40.2833,97.2,2.61,72,0,12.97
176,Salinopolis,BR,1/5/2021 21:40,-0.6136,-47.3561,81,76,5,12.1
177,Fortuna,US,1/5/2021 21:40,40.5982,-124.1573,57.99,62,1,11.41
178,Payo,ID,1/5/2021 21:40,-3.7508,103.6372,73.8,93,99,2.24
179,Haines Junction,CA,1/5/2021 21:40,60.7522,-137.5108,9.5,91,100,1.32
180,Norman Wells,CA,1/5/2021 21:40,65.282,-126.8329,-18.4,75,40,3.36
181,Okhotsk,RU,1/5/2021 21:40,59.3833,143.3,-12.37,81,97,13.78
182,Marovoay,MG,1/5/2021 21:40,-16.1,46.6333,82.4,78,20,5.82
183,Puro,PH,1/5/2021 21:40,12.4841,123.3827,78.22,84,13,13.85
184,Udachnyy,RU,1/5/2021 21:40,66.4167,112.4,-4,83,75,6.71
185,Bilhaur,IN,1/5/2021 21:40,26.85,80.0833,64.56,54,0,2.95
186,Nelson Bay,AU,1/5/2021 21:40,-32.7167,152.15,73.99,88,90,9.17
187,Juneau,US,1/5/2021 21:38,58.3019,-134.4197,41,65,90,23.04
188,Manono,CD,1/5/2021 21:40,-7.3,27.4167,70.83,84,100,1.63
189,Anjiang,CN,1/5/2021 21:40,27.3194,110.1031,38.12,77,82,2.91
190,Bethel,US,1/5/2021 21:40,41.3712,-73.414,36,84,98,3.94
191,Katsuura,JP,1/5/2021 21:40,35.1333,140.3,42.8,81,75,12.75
192,Djibo,BF,1/5/2021 21:40,14.1022,-1.6306,78.13,18,0,7.65
193,Bisho,ZA,1/5/2021 21:40,-32.8472,27.4422,64.11,96,100,5.39
194,Vila Velha,BR,1/5/2021 21:40,-20.3297,-40.2925,80.6,74,20,19.46
195,Karatau,KZ,1/5/2021 21:40,43.1667,70.4667,9.14,90,97,0.67
196,Saskylakh,RU,1/5/2021 21:40,71.9167,114.0833,-2.06,90,97,14.65
197,Leningradskiy,RU,1/5/2021 21:40,69.3833,178.4167,-9.65,87,100,14.09
198,Dikson,RU,1/5/2021 21:40,73.5069,80.5464,16.79,96,100,26.04
199,Nhulunbuy,AU,1/5/2021 21:40,-12.2333,136.7667,80.6,100,40,4.7
200,San Patricio,US,1/5/2021 21:40,28.017,-97.5169,73.4,78,75,10.29
201,Chute-Aux-Outardes,CA,1/5/2021 21:40,49.1168,-68.399,28.4,79,90,10.29
202,Hwange,ZW,1/5/2021 21:40,-18.3693,26.5019,71.17,76,22,1.57
203,Tiznit,MA,1/5/2021 21:40,29.5833,-9.5,56.82,86,50,2.1
204,Chuy,UY,1/5/2021 21:40,-33.6971,-53.4616,73.26,82,79,16.84
205,Savelugu,GH,1/5/2021 21:40,9.6244,-0.8253,85.46,14,0,5.03
206,Tessalit,ML,1/5/2021 21:40,20.1986,1.0114,67.95,21,98,8.12
207,Lakes Entrance,AU,1/5/2021 21:40,-37.8811,147.981,64,88,55,4
208,Sao Joao Da Barra,BR,1/5/2021 21:40,-21.6403,-41.0511,82.4,69,0,13.87
209,Chokurdakh,RU,1/5/2021 21:40,70.6333,147.9167,-13,90,100,10.56
210,Kiomboi,TZ,1/5/2021 21:40,-4.2667,34.3667,63.25,91,100,3.42
211,Huarmey,PE,1/5/2021 21:40,-10.0681,-78.1522,72.23,79,96,9.17
212,Richards Bay,ZA,1/5/2021 21:40,-28.783,32.0377,75.33,93,91,7.18
213,Alta Floresta,BR,1/5/2021 21:40,-9.8756,-56.0861,76.55,92,100,1.72
214,Liberia,LR,1/5/2021 21:40,6.5,-9.5,73.11,96,0,2.24
215,Vardo,NO,1/5/2021 21:40,70.3705,31.1107,23,92,75,42.5
216,Wajima,JP,1/5/2021 21:40,37.4,136.9,36.12,91,96,18.59
217,Pekan,MY,1/5/2021 21:40,3.4836,103.3996,75.2,94,40,2.24
218,Prince Rupert,CA,1/5/2021 21:40,54.3161,-130.3201,42.8,87,90,19.46
219,Araouane,ML,1/5/2021 21:40,18.9048,-3.5265,71.08,20,2,8.14
220,Marawi,PH,1/5/2021 21:40,7.9986,124.2928,73.99,90,74,5.01
221,Pilar,BR,1/5/2021 21:40,-9.5972,-35.9567,78.8,74,0,9.17
222,Saint George,US,1/5/2021 21:38,37.1041,-113.5841,57.99,26,1,3.36
223,Novyy Rogachik,RU,1/5/2021 21:40,48.6768,44.0608,21.2,67,0,15.66
224,Talnakh,RU,1/5/2021 21:40,69.4865,88.3972,-11.2,76,90,24.61
225,Vitim,RU,1/5/2021 21:40,59.4511,112.5578,-22.2,81,100,10.71
226,Manjacaze,MZ,1/5/2021 21:40,-24.7117,33.8828,76.57,82,98,8.75
227,Codrington,AU,1/5/2021 21:40,-38.2667,141.9667,57.52,76,99,13.85
228,Pombal,BR,1/5/2021 21:40,-6.7703,-37.8017,92.25,28,81,5.53
229,Cabo San Lucas,MX,1/5/2021 21:40,22.8909,-109.9124,73.99,46,75,8.05
230,Bonthe,SL,1/5/2021 21:40,7.5264,-12.505,80.96,81,0,8.97
231,Priladozhskiy,RU,1/5/2021 21:40,59.85,31.4833,23,99,99,3.18
232,Vestmannaeyjar,IS,1/5/2021 21:40,63.4427,-20.2734,38.73,76,100,17.43
233,Camara De Lobos,PT,1/5/2021 21:40,32.6333,-16.9667,64.4,77,40,4.7
234,Torbay,CA,1/5/2021 21:40,47.6666,-52.7314,36,100,90,20.8
235,Tighnabruaich,GB,1/5/2021 21:40,55.9016,-5.2398,32,80,62,3.83
236,Luderitz,NA,1/5/2021 21:40,-26.6481,15.1594,68,82,61,13.87
237,Zabaykalsk,RU,1/5/2021 21:40,49.6333,117.3167,-20.99,81,100,17.58
238,Lazaro Cardenas,MX,1/5/2021 21:39,17.9583,-102.2,82.2,63,0,9.98
239,Raahe,FI,1/5/2021 21:40,64.6833,24.4833,14,85,90,4.7
240,Uchiza,PE,1/5/2021 21:40,-8.4592,-76.4633,77.43,80,93,1.36
241,Praia,CV,1/5/2021 21:40,14.9215,-23.5087,77,50,0,13.87
242,Lindenberg,DE,1/5/2021 21:40,49.3803,8.0986,37,96,100,8.34
243,Vavuniya,LK,1/5/2021 21:40,8.7514,80.4971,72.37,97,81,1.95
244,Bira,RU,1/5/2021 21:40,49,132.4667,-17.91,82,0,2.71
245,Rio Grande,BR,1/5/2021 21:38,-32.035,-52.0986,77,88,40,11.41
246,Balclutha,NZ,1/5/2021 21:40,-46.2339,169.75,60.01,79,5,8.01
247,Tuntum,BR,1/5/2021 21:40,-5.2581,-44.6489,77.16,84,15,2.37
248,Lorengau,PG,1/5/2021 21:40,-2.0226,147.2712,84.96,73,77,9.13
249,Fairbanks,US,1/5/2021 21:40,64.8378,-147.7164,-11.2,76,20,2.24
250,Camacupa,AO,1/5/2021 21:40,-12.0167,17.4833,63.27,85,44,3.51
251,Lompoc,US,1/5/2021 21:40,34.6391,-120.4579,66.99,48,1,10.29
252,Iskateley,RU,1/5/2021 21:40,67.6803,53.1512,-3.68,92,73,9.69
253,Nchelenge,ZM,1/5/2021 21:40,-9.3451,28.734,71.24,84,100,4.41
254,Sao Felix Do Xingu,BR,1/5/2021 21:40,-6.6447,-51.995,77.76,80,96,1.36
255,Souillac,MU,1/5/2021 21:40,-20.5167,57.5167,77,83,40,5.82
256,Guaymas,MX,1/5/2021 21:38,27.9333,-110.9,78.01,52,75,14.99
257,Ponta Do Sol,PT,1/5/2021 21:36,32.6667,-17.1,64.4,77,40,4.7
258,Aliwal North,ZA,1/5/2021 21:41,-30.6937,26.7114,64.49,82,87,3.74
259,Flinders,AU,1/5/2021 21:41,-34.5833,150.8552,71.01,79,78,4
260,Egvekinot,RU,1/5/2021 21:41,66.3167,-179.1667,-15.83,90,69,4.85
261,Klaksvik,FO,1/5/2021 21:41,62.2266,-6.589,44.6,93,100,9.17
262,Tezu,IN,1/5/2021 21:41,27.9167,96.1667,61.65,41,25,2.53
263,Ossora,RU,1/5/2021 21:41,59.2353,163.0719,-3.78,84,100,4.7
264,Havoysund,NO,1/5/2021 21:41,70.9963,24.6622,39.2,81,40,23.04
265,Ilulissat,GL,1/5/2021 21:41,69.2167,-51.1,12.2,72,75,8.05
266,Bom Jesus,BR,1/5/2021 21:41,-9.0744,-44.3586,81.18,47,0,2.89
267,Saldanha,ZA,1/5/2021 21:41,-33.0117,17.9442,64.4,82,0,10.29
268,Coquimbo,CL,1/5/2021 21:41,-29.9533,-71.3436,64.4,68,40,12.75
269,Olafsvik,IS,1/5/2021 21:41,64.8945,-23.7142,36.36,78,78,17.34
270,Iqaluit,CA,1/5/2021 21:41,63.7506,-68.5145,3.2,84,90,3.36
271,Tiksi,RU,1/5/2021 21:41,71.6872,128.8694,-23.26,85,100,13.62
272,Geraldton,AU,1/5/2021 21:41,-28.7667,114.6,77,22,26,20.8
273,Ambulu,ID,1/5/2021 21:41,-8.345,113.6058,75.69,89,100,3.51
274,Asau,RO,1/5/2021 21:41,46.4333,26.4,41,69,100,5.61
275,Borovskoy,KZ,1/5/2021 21:41,53.8,64.15,-5.42,89,100,5.17
276,Vung Tau,VN,1/5/2021 21:41,10.346,107.0843,75.81,84,84,7.14
277,Anadyr,RU,1/5/2021 21:41,64.75,177.4833,-14.8,75,20,8.95
278,Pochutla,MX,1/5/2021 21:41,15.7432,-96.4661,86,51,5,10.29
279,Zhanakorgan,KZ,1/5/2021 21:41,43.9098,67.2495,11.26,83,0,3.38
280,Loandjili,CG,1/5/2021 21:41,-4.7561,11.8578,78.53,89,100,7.99
281,Angoche,MZ,1/5/2021 21:41,-16.2325,39.9086,79.83,87,86,7.43
282,Constitucion,CL,1/5/2021 21:41,-35.3333,-72.4167,63.48,61,4,14.41
283,Sorong,ID,1/5/2021 21:41,-0.8833,131.25,79.12,84,77,6.26
284,Puqi,CN,1/5/2021 21:41,29.7167,113.8833,35.76,86,75,5.06
285,Mouila,GA,1/5/2021 21:41,-1.8685,11.0559,74.5,94,97,0.4
286,Salta,AR,1/5/2021 21:41,-24.7859,-65.4117,75.2,60,75,10.29
287,Ekhabi,RU,1/5/2021 21:41,53.5102,142.9671,-8.48,90,100,24.27
288,Malakal,SS,1/5/2021 21:41,9.5334,31.6605,77.85,23,0,6.6
289,Ixtapa,MX,1/5/2021 21:41,20.7,-105.2,75.2,60,5,9.17
290,Skovby,DK,1/5/2021 21:41,56.1534,9.957,33.01,90,89,1.99
291,Great Falls,US,1/5/2021 21:41,47.5002,-111.3008,45,28,1,23.04
292,Georgetown,MY,1/5/2021 21:41,5.4112,100.3354,77,94,40,6.93
293,Killybegs,IE,1/5/2021 21:41,54.6333,-8.45,36.1,83,20,5.93
294,Oktyabrskoye,RU,1/5/2021 21:41,43.0645,44.7417,26.6,100,5,2.24
295,Mabaruma,GY,1/5/2021 21:41,8.2,-59.7833,75.97,90,72,3.6
296,Sokoni,TZ,1/5/2021 21:41,-6.4333,39.55,81.27,79,5,15.82
297,Kavieng,PG,1/5/2021 21:41,-2.5744,150.7967,81.12,80,100,8.19
298,Bambous Virieux,MU,1/5/2021 21:41,-20.3428,57.7575,77,83,40,5.82
299,Progreso,MX,1/5/2021 21:36,21.2833,-89.6667,79,61,75,10.29
300,Teknaf,BD,1/5/2021 21:41,20.8624,92.3058,66.61,76,7,3.87
301,Foldes,HU,1/5/2021 21:41,47.3,21.3667,39.2,93,90,9.17
302,Pelym,RU,1/5/2021 21:41,61.0108,61.9978,-10.84,90,98,4.88
303,Lasa,IT,1/5/2021 21:41,46.6166,10.7002,35.01,79,75,2.24
304,Faya,SA,1/5/2021 21:41,18.3851,42.4509,57.2,100,0,2.48
305,Necochea,AR,1/5/2021 21:41,-38.5473,-58.7368,62.01,94,100,18.77
306,Kupang,ID,1/5/2021 21:41,-10.1667,123.5833,75.2,100,75,3.36
307,Roald,NO,1/5/2021 21:41,62.5833,6.1333,33.8,64,0,9.17
308,Faanui,PF,1/5/2021 21:41,-16.4833,-151.75,81.3,75,14,12.97
309,Bereda,ES,1/5/2021 21:41,43.2686,-7.5406,36,100,63,1.99
310,Mahon,ES,1/5/2021 21:41,39.8885,4.2658,39.2,80,0,8.05
311,Alexandria,EG,1/5/2021 21:36,31.2156,29.9553,62.6,88,0,2.24
312,Daugavpils,LV,1/5/2021 21:41,55.8833,26.5333,33.67,94,100,7.36
313,Vieux-Habitants,GP,1/5/2021 21:41,16.0589,-61.7659,78.8,69,20,9.17
314,Morant Bay,JM,1/5/2021 21:41,17.8815,-76.4093,82.4,69,75,19.46
315,Ziro,IN,1/5/2021 21:41,27.6333,93.8333,38.1,86,2,2.37
316,Monrovia,LR,1/5/2021 21:41,6.3005,-10.7969,78.8,94,40,8.97
317,Belle Fourche,US,1/5/2021 21:41,44.6714,-103.8522,39.2,64,100,19.46
318,Mumford,GH,1/5/2021 21:41,5.2618,-0.759,80.56,85,30,12.82
319,Manzhouli,CN,1/5/2021 21:41,49.6,117.4333,-19.77,80,100,17.36
320,Shimoda,JP,1/5/2021 21:41,34.6667,138.95,37.99,80,100,3
321,Kasempa,ZM,1/5/2021 21:41,-13.4584,25.8338,65.62,95,100,2.33
322,Porto Nacional,BR,1/5/2021 21:41,-10.7081,-48.4172,89.6,62,20,4.7
323,Kathu,TH,1/5/2021 21:41,7.9178,98.3332,84,88,20,4.7
324,Russell,US,1/5/2021 21:41,32.3502,-85.1999,64.4,27,1,14.99
325,Moose Factory,CA,1/5/2021 21:41,51.2585,-80.6094,24.8,92,90,11.41
326,Praia Da Vitoria,PT,1/5/2021 21:41,38.7333,-27.0667,59,82,75,36.01
327,Shache,CN,1/5/2021 21:41,38.4167,77.2406,15.17,94,92,3.24
328,Sisimiut,GL,1/5/2021 21:41,66.9395,-53.6735,12.7,94,100,16.73
329,Orotukan,RU,1/5/2021 21:41,62.2667,151.7,-19.05,85,100,1.41
330,Ust-Kulom,RU,1/5/2021 21:41,61.6864,53.6902,-0.36,93,74,4.72
331,Qiongshan,CN,1/5/2021 21:39,20.0058,110.3542,64.4,88,75,6.71
332,Muriwai Beach,NZ,1/5/2021 21:41,-36.8167,174.45,75,65,14,5.01
333,Labuhan,ID,1/5/2021 21:41,-6.8844,112.2051,76.55,88,100,6.6
334,Bima,ID,1/5/2021 21:41,-8.4667,118.7167,76.71,85,98,0.74
335,Kiama,AU,1/5/2021 21:41,-34.6833,150.8667,71.01,94,90,3
336,Kilakarai,IN,1/5/2021 21:41,9.2333,78.7833,75.52,90,72,12.91
337,Asfi,MA,1/5/2021 21:41,32.2994,-9.2372,62.6,84,55,22.88
338,Pinerolo,IT,1/5/2021 21:41,44.8833,7.35,37,93,100,3.83
339,Cururupu,BR,1/5/2021 21:41,-1.8283,-44.8683,77.65,81,11,3.67
340,Vallenar,CL,1/5/2021 21:39,-28.5708,-70.7581,78.3,38,0,7.54
341,Pinega,RU,1/5/2021 21:41,64.7001,43.3936,4.95,95,93,3.49
342,Talara,PE,1/5/2021 21:41,-4.5772,-81.2719,70.45,78,12,11.97
343,Hambantota,LK,1/5/2021 21:41,6.1241,81.1185,73.4,100,0,3.36
344,Katobu,ID,1/5/2021 21:41,-4.9408,122.5276,75.69,90,100,3.04
345,Hopelchen,MX,1/5/2021 21:41,19.7667,-89.85,80.6,65,90,11.41
346,Ahipara,NZ,1/5/2021 21:41,-35.1667,173.1667,73.94,56,92,2.06
347,Saint-Joseph,RE,1/5/2021 21:41,-21.3667,55.6167,75.2,78,75,2.24
348,Sterling,US,1/5/2021 21:41,39.0062,-77.4286,37.99,86,90,6.93
349,Kaeo,NZ,1/5/2021 21:41,-35.1,173.7833,78.01,58,100,3
350,Jining,CN,1/5/2021 21:41,35.405,116.5814,24.1,93,0,5.61
351,Henties Bay,NA,1/5/2021 21:41,-22.116,14.2845,70,89,97,3
352,Rocha,UY,1/5/2021 21:41,-34.4833,-54.3333,74.26,73,95,17.07
353,Santa Fe,AR,1/5/2021 21:40,-31.6333,-60.7,88,48,75,4
354,Lata,PT,1/5/2021 21:41,40.1629,-8.3327,43,86,0,2.24
355,Warsaw,PL,1/5/2021 21:40,52.2298,21.0118,37.99,93,75,12.75
356,Northam,GB,1/5/2021 21:41,51.0333,-4.2167,39,77,46,8.99
357,Manama,BH,1/5/2021 21:38,26.2154,50.5832,66.2,82,0,3.36
358,Krasnyy Yar,RU,1/5/2021 21:41,46.5331,48.3456,17.6,72,0,13.42
359,Whitehorse,CA,1/5/2021 21:41,60.7161,-135.0538,19.4,85,75,21.92
360,Tarapur,IN,1/5/2021 21:41,19.85,72.7,71.13,51,1,16.2
361,Plouzane,FR,1/5/2021 21:41,48.3833,-4.6167,37.4,93,66,5.82
362,Nimaparha,IN,1/5/2021 21:41,20.0667,86.0167,64.4,88,20,3.69
363,Tual,ID,1/5/2021 21:39,-5.6667,132.75,84.45,73,100,9.24
364,Itarema,BR,1/5/2021 21:41,-2.9248,-39.9167,80.51,75,0,15.39
365,Kloulklubed,PW,1/5/2021 21:41,7.0419,134.2556,81.48,80,100,16.98
366,Clyde River,CA,1/5/2021 21:41,70.4692,-68.5914,-31,66,5,0.31
367,Camargo,MX,1/5/2021 21:41,27.6667,-105.1667,70.56,20,100,4.74
368,Kavarna,BG,1/5/2021 21:41,43.4333,28.3333,41,93,0,3.36
369,Mareeba,AU,1/5/2021 21:41,-17,145.4333,80.01,94,100,8.01
370,San Quintin,MX,1/5/2021 21:41,30.4833,-115.95,66,54,0,10.22
371,Apatou,GF,1/5/2021 21:41,5.155,-54.3472,75.96,94,75,3.02
372,Bud,US,1/5/2021 21:41,39.447,-86.1758,34,89,100,5.61
373,Palmer,US,1/5/2021 21:41,42.1584,-72.3287,37.4,64,90,11.41
374,Pombas,CV,1/5/2021 21:41,17.1503,-25.0201,73.4,69,0,11.41
375,Turtas,RU,1/5/2021 21:41,58.9417,69.1325,-11.38,88,2,6.91
376,Coos Bay,US,1/5/2021 21:41,43.3665,-124.2179,52,57,40,20.8
377,Ron Phibun,TH,1/5/2021 21:41,8.1791,99.8542,73.81,93,96,4.09
378,Linfen,CN,1/5/2021 21:41,36.0889,111.5189,24.64,62,0,8.19
379,Launceston,AU,1/5/2021 21:41,-41.45,147.1667,64,77,90,3.36
380,Pimenta Bueno,BR,1/5/2021 21:41,-11.6725,-61.1936,81.9,77,89,3.29
381,Kendallville,US,1/5/2021 21:39,41.4414,-85.265,34,95,90,4.7
382,Venice,US,1/5/2021 21:41,27.0998,-82.4543,68,63,1,9.17
383,Prigen,ID,1/5/2021 21:41,-7.6833,112.6167,77,94,20,8.05
384,Meulaboh,ID,1/5/2021 21:41,4.1363,96.1285,77.38,85,84,4.09
385,Plettenberg Bay,ZA,1/5/2021 21:41,-34.0527,23.3716,66.79,87,87,3.24
386,Saurimo,AO,1/5/2021 21:41,-9.6608,20.3916,64.81,94,98,3.38
387,Andros Town,BS,1/5/2021 21:41,24.7,-77.7667,73.4,56,0,10.29
388,Paeroa,NZ,1/5/2021 21:41,-37.3667,175.6667,75,77,0,5.99
389,Keuruu,FI,1/5/2021 21:41,62.2667,24.7,14,92,90,3.36
390,Batagay-Alyta,RU,1/5/2021 21:41,67.8006,130.4114,-18.94,81,0,1.81
391,Samfya,ZM,1/5/2021 21:41,-11.3649,29.5565,67.44,91,100,5.88
392,Kutum,SD,1/5/2021 21:41,14.2,24.6667,60.57,29,0,8.66
393,Marsh Harbour,BS,1/5/2021 21:41,26.5412,-77.0636,70.38,54,0,14.94
394,Port Blair,IN,1/5/2021 21:41,11.6667,92.75,78.89,83,0,9.22
395,Krasnyy Kholm,RU,1/5/2021 21:41,58.0607,37.1203,23.11,98,100,4.47
396,Pringsewu,ID,1/5/2021 21:41,-5.3582,104.9744,73.62,93,84,1.03
397,Nishihara,JP,1/5/2021 21:41,26.1842,127.7558,59,77,90,16.11
398,Zlobin,HR,1/5/2021 21:41,45.2924,14.6541,33.01,92,100,2.86
399,Hukuntsi,BW,1/5/2021 21:41,-24,21.75,76.08,65,93,1.59
400,Porto Santo,PT,1/5/2021 21:41,33.072,-16.3415,62.6,88,20,8.05
401,Channel-Port Aux Basques,CA,1/5/2021 21:41,47.5702,-59.1367,31.82,92,35,17.29
402,Semporna,MY,1/5/2021 21:37,4.4818,118.6112,73.4,100,20,9.1
403,Port Augusta,AU,1/5/2021 21:41,-32.5,137.7667,62.6,63,90,17.22
404,Taoudenni,ML,1/5/2021 21:41,22.6783,-3.9836,68.9,23,99,2.77
405,Stornoway,GB,1/5/2021 21:41,58.2093,-6.3865,28.4,86,26,1.12
406,Odesskoye,RU,1/5/2021 21:41,54.2111,72.9651,-15.25,88,100,7.43
407,Bardiyah,LY,1/5/2021 21:41,31.7561,25.0865,58.19,65,57,7.74
408,Kralendijk,BQ,1/5/2021 21:41,12.15,-68.2667,82.4,69,0,11.41
409,Nanning,CN,1/5/2021 21:38,22.8167,108.3167,57.2,54,100,4.47
410,Hami,CN,1/5/2021 21:41,42.8,93.45,7.83,67,14,2.89
411,Sola,VU,1/5/2021 21:41,-13.8833,167.55,82.36,78,100,12.59
412,Nancha,CN,1/5/2021 21:41,47.1333,129.2667,-8.14,87,100,0.74
413,Gerede,TR,1/5/2021 21:41,40.8008,32.1969,32.72,96,32,4.88
414,Qaqortoq,GL,1/5/2021 21:41,60.7167,-46.0333,21.2,57,20,6.42
415,Viedma,AR,1/5/2021 21:41,-40.8135,-62.9967,73,57,59,1.99
416,Wakkanai,JP,1/5/2021 21:41,45.4094,141.6739,17.19,88,100,8.61
417,Hofn,IS,1/5/2021 21:41,64.2539,-15.2082,37.44,84,100,8.3
418,Mandalgovi,MN,1/5/2021 21:41,45.7625,106.2708,-27.44,80,1,18.12
419,Yantzaza,EC,1/5/2021 21:41,-3.8278,-78.7594,74.1,81,100,1.14
420,Sept-Iles,CA,1/5/2021 21:40,50.2001,-66.3821,24.8,79,97,5.82
421,Ipanema,BR,1/5/2021 21:41,-30.1391,-51.2244,77,88,75,11.41
422,Turzovka,SK,1/5/2021 21:41,49.4043,18.6226,33.8,100,90,2.24
423,Norsup,VU,1/5/2021 21:41,-16.0667,167.3833,80.6,94,75,11.79
424,Churapcha,RU,1/5/2021 21:41,62.0025,132.4325,-43.29,79,100,0.58
425,Ostrovnoy,RU,1/5/2021 21:41,68.0531,39.5131,15.48,95,54,23.31
426,Batemans Bay,AU,1/5/2021 21:41,-35.7167,150.1833,68,98,21,1.01
427,El Rusio,HN,1/5/2021 21:41,14.4667,-86.3667,77.2,59,9,5.61
428,Tomatlan,MX,1/5/2021 21:41,19.9333,-105.25,85.64,42,0,5.82
429,Moi,NO,1/5/2021 21:41,58.4567,6.5518,28.99,84,0,2.86
430,Westport,US,1/5/2021 21:41,41.1415,-73.3579,41,60,90,9.17
431,Berlevag,NO,1/5/2021 21:41,70.8578,29.0864,33.8,80,75,14.99
432,Barstow,US,1/5/2021 21:37,34.8986,-117.0228,60.8,38,1,3.36
433,Cairns,AU,1/5/2021 21:40,-16.9167,145.7667,80.6,88,40,3.36
434,Maragogi,BR,1/5/2021 21:38,-9.0122,-35.2225,78.3,71,21,7.31
435,Perth,AU,1/5/2021 21:39,-31.9333,115.8333,68,48,0,14.99
436,Pacifica,US,1/5/2021 21:37,37.6138,-122.4869,55.99,81,40,3.36
437,Louis Trichardt,ZA,1/5/2021 21:41,-23.0439,29.9032,73.47,49,48,3.06
438,Saint-Augustin,CA,1/5/2021 21:41,51.226,-58.6502,23.76,93,61,11.83
439,Matveyevka,RU,1/5/2021 21:41,52.15,56.1833,3.2,77,40,4.47
440,Tooele,US,1/5/2021 21:41,40.5308,-112.2983,41,60,75,6.93
441,Teya,RU,1/5/2021 21:41,60.3778,92.6267,-16.67,85,77,2.53
442,Sibu,MY,1/5/2021 21:41,2.3,111.8167,75.2,100,40,1.12
443,Rosarito,MX,1/5/2021 21:41,32.3333,-117.0333,62.6,67,5,9.17
444,Coxim,BR,1/5/2021 21:38,-18.5067,-54.76,87.31,51,90,2.06
445,Huilong,CN,1/5/2021 21:41,31.8111,121.655,37.99,72,81,10.51
446,Senno,RU,1/5/2021 21:41,59.5336,33.9167,22.35,98,98,3.89
447,Cap-Aux-Meules,CA,1/5/2021 21:41,47.3821,-61.8597,32,86,87,14.99
448,Paamiut,GL,1/5/2021 21:41,61.994,-49.6678,28.13,95,100,11.7
449,Japura,ID,1/5/2021 21:41,-0.3167,102.35,71.65,94,43,2.39
450,Tazovskiy,RU,1/5/2021 21:41,67.4667,78.7,-13.97,89,40,11.88
451,Narsaq,GL,1/5/2021 21:41,60.9167,-46.05,21.2,57,20,6.24
452,Adrar,MR,1/5/2021 21:41,20.5022,-10.0711,68.97,35,100,2.77
453,Careiro Da Varzea,BR,1/5/2021 21:41,-3.2003,-59.8119,78.8,83,40,5.82
454,Sylva,RU,1/5/2021 21:41,58.0348,56.7635,12.2,85,75,11.18
455,Taiyuan,CN,1/5/2021 21:41,37.8694,112.5603,15.8,21,0,13.42
456,Aitape,PG,1/5/2021 21:41,-3.1374,142.3475,78.53,83,98,4.56
457,Ahuimanu,US,1/5/2021 21:41,21.4447,-157.8378,78.8,73,90,8.05
458,Sawakin,SD,1/5/2021 21:41,19.1059,37.3321,78.4,72,4,5.82
459,Nanortalik,GL,1/5/2021 21:41,60.1432,-45.2371,26.04,90,0,6.02
460,Gigmoto,PH,1/5/2021 21:41,13.7796,124.39,78.22,85,25,12.33
461,Laguna,US,1/5/2021 21:41,38.421,-121.4238,55.99,81,1,6.24
462,Korla,CN,1/5/2021 21:41,41.7597,86.1469,12.74,84,36,9.1
463,Margate,GB,1/5/2021 21:41,51.3813,1.3862,43,73,100,3
464,Santa Isabel,BR,1/5/2021 21:41,-23.3156,-46.2214,84.2,48,40,6.93
465,Awbari,LY,1/5/2021 21:41,26.5921,12.7805,59.14,55,99,4.79
466,Saint-Francois,FR,1/5/2021 21:41,46.4154,3.9054,33.8,86,90,3.36
467,Zhoucheng,CN,1/5/2021 21:41,35.9122,116.3117,22.66,85,0,3.18
468,Manzanillo,CU,1/5/2021 21:41,20.3433,-77.1167,79,56,1,3.71
469,Akdepe,TM,1/5/2021 21:41,42.0551,59.3788,6.8,71,0,4.7
470,Utena,LT,1/5/2021 21:41,55.5,25.6,34.39,90,100,11.9
471,Chicama,PE,1/5/2021 21:41,-7.8447,-79.1469,69.8,83,57,10.29
472,Eureka,US,1/5/2021 21:37,40.8021,-124.1637,57.99,48,100,3
473,Borovoy,RU,1/5/2021 21:41,55.4333,86.0833,-16.6,75,0,8.95
474,Poum,NC,1/5/2021 21:41,-20.2333,164.0167,82.33,79,54,4.59
475,Port-Cartier,CA,1/5/2021 21:41,50.0334,-66.8654,24.8,79,99,5.82
476,Sao Sebastiao,BR,1/5/2021 21:41,-23.76,-45.4097,75.87,82,33,7.49
477,Salvador,SV,1/5/2021 21:38,13.8333,-88.9167,87.8,45,20,6.93
478,Kahului,US,1/5/2021 21:41,20.8947,-156.47,80.6,57,40,13.87
479,Hefei,CN,1/5/2021 21:41,31.8639,117.2808,36,80,90,4.47
480,Raduzhnyy,RU,1/5/2021 21:41,62.0961,77.475,-22.13,86,0,6.85
481,Konevo,RU,1/5/2021 21:41,62.1215,39.3192,14.14,97,95,3.78
482,Catuday,PH,1/5/2021 21:41,16.2923,119.8062,77.32,85,1,6.69
483,Sinnamary,GF,1/5/2021 21:41,5.3833,-52.95,79.03,84,99,9.57
484,Cascais,PT,1/5/2021 21:40,38.6979,-9.4215,46,66,0,10
485,Aklavik,CA,1/5/2021 21:41,68.2191,-135.0107,-16.6,75,100,3.69
486,Cabedelo,BR,1/5/2021 21:41,-6.9811,-34.8339,80.6,74,20,14.99
487,Corinto,GR,1/5/2021 21:41,37.9407,22.9573,48,64,83,5.19
488,Caravelas,BR,1/5/2021 21:41,-17.7125,-39.2481,76.44,80,4,6.55
489,Asheville,US,1/5/2021 21:41,35.6009,-82.554,42.01,78,84,1.99
490,Gillette,US,1/5/2021 21:41,44.2911,-105.5022,33.8,84,90,19.46
491,Yar-Sale,RU,1/5/2021 21:41,66.8333,70.8333,-13.52,88,27,13.91
492,Andenes,NO,1/5/2021 21:41,69.3143,16.1194,39.99,80,75,17.22
493,Grindavik,IS,1/5/2021 21:41,63.8424,-22.4338,33.8,86,75,12.75
494,Searcy,US,1/5/2021 21:41,35.2506,-91.7363,55.4,37,1,9.17
495,Shenjiamen,CN,1/5/2021 21:41,29.9576,122.298,43.56,73,46,16.71
496,Visby,SE,1/5/2021 21:41,57.6409,18.296,36,74,100,17.22
497,Surt,LY,1/5/2021 21:41,31.2089,16.5887,56.5,61,76,12.46
498,Tevaitoa,PF,1/5/2021 21:41,-16.7833,-151.5,81.34,72,69,11.97
499,Hede,CN,1/5/2021 21:41,33.7681,120.2517,28.08,88,0,5.21
500,Tazmalt,DZ,1/5/2021 21:41,36.3868,4.3989,43.65,64,99,2.68
501,Zacualtipan,MX,1/5/2021 21:41,20.65,-98.6,60.28,76,15,6.87
502,Myre,NO,1/5/2021 21:41,69.1036,15.9492,39.99,80,75,17.22
503,Mazamari,PE,1/5/2021 21:41,-11.3258,-74.5308,71.26,82,100,1.54
504,Ostrowiec Swietokrzyski,PL,1/5/2021 21:41,50.9294,21.3853,39,93,98,5.01
505,Puerto Madero,MX,1/5/2021 21:41,14.7208,-92.4215,87.8,66,40,9.17
506,Jurm,AF,1/5/2021 21:41,36.8648,70.8342,25.3,75,84,1.52
507,Heswall,GB,1/5/2021 21:41,53.3273,-3.0965,37.4,86,40,9.17
508,Veraval,IN,1/5/2021 21:41,20.9,70.3667,64.22,46,0,14.14
509,Waiouru,NZ,1/5/2021 21:41,-39.4833,175.6667,67.35,45,85,5.77
510,Ola,RU,1/5/2021 21:41,59.5833,151.2833,-14.01,79,29,9.95
511,Jimo,CN,1/5/2021 21:41,36.3897,120.4622,23,85,0,4.47
512,Katangli,RU,1/5/2021 21:41,51.7102,143.2326,-7.28,90,100,15.48
513,Arkhangelskoye,RU,1/5/2021 21:41,55.8549,35.3287,22.91,98,100,3.96
514,Porbandar,IN,1/5/2021 21:41,21.6422,69.6093,62.78,57,0,12.82
515,Baykit,RU,1/5/2021 21:41,61.67,96.37,-10.91,85,96,5.91
516,Gostinari,RO,1/5/2021 21:41,44.1866,26.2252,42.01,94,0,7.18
517,Petauke,ZM,1/5/2021 21:41,-14.2426,31.3253,66.6,95,99,2.57
518,Ballina,AU,1/5/2021 21:41,-28.8667,153.5667,78.01,83,33,1.48
519,Novaya Igirma,RU,1/5/2021 21:41,57.1334,103.9112,-16.35,87,100,5.39
520,Solnechnyy,RU,1/5/2021 21:41,50.7214,136.6319,-17.46,84,38,1.81
521,Jati,PK,1/5/2021 21:41,24.3539,68.2671,56.88,38,0,6.96
522,San Andres,CO,1/5/2021 21:41,12.5847,-81.7006,80.89,66,14,8.28
523,Zavet,BG,1/5/2021 21:41,43.7667,26.6667,42.62,77,0,7.2
524,Tanout,NE,1/5/2021 21:40,14.9709,8.8879,75.43,17,0,10.78
525,Saint-Georges,GD,1/5/2021 21:41,12.0564,-61.7485,82.4,74,40,11.41
526,Kimberley,ZA,1/5/2021 21:41,-28.7323,24.7623,64.4,93,44,14.99
527,Jizan,SA,1/5/2021 21:41,17.3333,42.6667,78.8,78,40,3.36
528,Guangshui,CN,1/5/2021 21:41,31.6199,113.9978,31.44,94,66,6.38
529,Nome,US,1/5/2021 21:41,64.5011,-165.4064,3.2,84,90,5.82
530,Whyalla,AU,1/5/2021 21:41,-33.0333,137.5833,62.6,63,90,17.22
531,Sayyan,YE,1/5/2021 21:41,15.1718,44.3244,42.64,65,3,3.67
532,Bontang,ID,1/5/2021 21:41,0.1333,117.5,77.13,85,100,1.83
533,Marsabit,KE,1/5/2021 21:41,2.3284,37.9899,66.69,71,30,9.22
534,Kingman,US,1/5/2021 21:40,35.1894,-114.053,69.01,24,1,9.17
535,Waingapu,ID,1/5/2021 21:41,-9.6567,120.2641,78.3,78,89,3.74
536,Garowe,SO,1/5/2021 21:41,8.4054,48.4845,66.4,59,0,12.77
537,Umm Kaddadah,SD,1/5/2021 21:41,13.6017,26.6876,70.84,21,0,15.77
538,Bilma,NE,1/5/2021 21:41,18.6853,12.9164,72.32,20,0,5.26
539,Palasbari,IN,1/5/2021 21:41,26.1361,91.5486,55.4,87,40,1.83
540,Puerto Ayacucho,VE,1/5/2021 21:41,5.6639,-67.6236,82.51,72,86,5.03
541,Hakui,JP,1/5/2021 21:39,36.8833,136.7833,35.01,89,100,10.96
542,Culpeper,US,1/5/2021 21:39,38.5004,-77.9664,41,78,90,3.36
543,Nouadhibou,MR,1/5/2021 21:41,20.931,-17.0347,68,82,100,11.41
544,Conway,US,1/5/2021 21:39,35.0887,-92.4421,55.99,43,1,10.29
545,Takaka,NZ,1/5/2021 21:41,-40.85,172.8,68,82,73,5.01
546,Te Anau,NZ,1/5/2021 21:38,-45.4167,167.7167,55.65,93,100,0.29
547,Villarrica,PY,1/5/2021 21:41,-25.75,-56.4333,74.66,87,51,3.2
548,Khanpur,PK,1/5/2021 21:41,28.6453,70.6567,52.43,70,0,6.02
549,Abha,SA,1/5/2021 21:41,18.2164,42.5053,57.2,100,0,3.15
550,Puerto El Triunfo,SV,1/5/2021 21:41,13.2833,-88.55,95,34,0,7.11
551,Vanimo,PG,1/5/2021 21:41,-2.6741,141.3028,79.12,85,100,5.66
552,Sandwick,GB,1/5/2021 21:41,60,-1.25,41,93,99,6.93
553,Lewistown,US,1/5/2021 21:41,40.5992,-77.5714,36,100,90,2.13
554,Donskoye,RU,1/5/2021 21:41,45.4552,41.9741,30.2,92,20,13.42
555,Celendin,PE,1/5/2021 21:41,-6.8703,-78.1517,57.2,67,90,4.7
556,Sile,TR,1/5/2021 21:41,41.1754,29.6133,51.8,81,0,2.24
557,Acarau,BR,1/5/2021 21:41,-2.8856,-40.12,80.55,76,4,16.58
558,Maniitsoq,GL,1/5/2021 21:41,65.4167,-52.9,19.35,97,100,11.9
559,Cabatuan,PH,1/5/2021 21:41,10.8794,122.486,74.35,90,96,10.74
560,Isparta,TR,1/5/2021 21:41,38,31,42.8,100,40,2.24
561,Morgantown,US,1/5/2021 21:37,39.6295,-79.9559,35.6,64,90,4.7
562,Jacobina,BR,1/5/2021 21:37,-11.1806,-40.5183,77.34,55,58,4.81
